time,price
1646143200,32.36750030517578
1646146800,31.385000228881836
1646150400,31.037500381469727
1646154000,30.825000762939453
1646157600,30.9325008392334
1646161200,31.28499984741211
1646164800,31.102500915527344
1646168400,31.229999542236328
1646172000,30.545000076293945
1646175600,30.96500015258789
1646179200,31.1299991607666
1646182800,31.325000762939453
1646186400,30.887500762939453
1646190000,31.229999542236328
1646193600,30.962499618530273
1646197200,30.915000915527344
1646200800,30.889999389648438
1646204400,30.447500228881836
1646208000,30.549999237060547
1646211600,30.65999984741211
1646215200,30.71500015258789
1646218800,31.017499923706055
1646222400,30.887500762939453
1646226000,30.799999237060547
1646229600,30.227500915527344
1646233200,30.850000381469727
1646236800,30.55500030517578
1646240400,31.3174991607666
1646244000,32
1646247600,31.922500610351562
1646251200,31.93000030517578
1646254800,32.087501525878906
1646258400,32.50749969482422
1646262000,32.49250030517578
1646265600,32.33000183105469
1646269200,33.52750015258789
1646272800,33.310001373291016
1646276400,33.32500076293945
1646280000,33.3224983215332
1646283600,32.76499938964844
1646287200,32.755001068115234
1646290800,33.04499816894531
1646294400,32.76750183105469
1646298000,32.26750183105469
1646301600,32.34749984741211
1646305200,32.462501525878906
1646308800,32.31999969482422
1646312400,32.25749969482422
1646316000,32.790000915527344
1646319600,32.682498931884766
1646323200,31.452499389648438
1646326800,31.75
1646330400,31.917499542236328
1646334000,32.52000045776367
1646337600,33.76750183105469
1646341200,33.59749984741211
1646344800,33.57749938964844
1646348400,34.04249954223633
1646352000,34.087501525878906
1646355600,32.6974983215332
1646359200,33.38750076293945
1646362800,33.557498931884766
1646366400,33.85499954223633
1646370000,33.95000076293945
1646373600,34.16749954223633
1646377200,34.18000030517578
1646380800,34.30500030517578
1646384400,34.380001068115234
1646388000,34.13249969482422
1646391600,34.125
1646395200,33.717498779296875
1646398800,33.31999969482422
1646402400,33.662498474121094
1646406000,33.755001068115234
1646409600,32.939998626708984
1646413200,32.51750183105469
1646416800,32.23500061035156
1646420400,31.594999313354492
1646424000,31.087499618530273
1646427600,31.219999313354492
1646431200,30.912500381469727
1646434800,30.782499313354492
1646438400,30.4950008392334
1646442000,29.770000457763672
1646445600,29.832500457763672
1646449200,29.700000762939453
1646452800,30.104999542236328
1646456400,29.829999923706055
1646460000,30.200000762939453
1646463600,30.092500686645508
1646467200,30.417499542236328
1646470800,30.6299991607666
1646474400,30.260000228881836
1646478000,30.107500076293945
1646481600,30.0625
1646485200,30
1646488800,29.967500686645508
1646492400,30.22249984741211
1646496000,30
1646499600,30.332500457763672
1646503200,30.850000381469727
1646506800,31.209999084472656
1646510400,31.34749984741211
1646514000,31.344999313354492
1646517600,31.0625
1646521200,31.287500381469727
1646524800,30.895000457763672
1646528400,30.684999465942383
1646532000,30.0674991607666
1646535600,30.087499618530273
1646539200,29.302499771118164
1646542800,29.6825008392334
1646546400,29.55500030517578
1646550000,29.36750030517578
1646553600,29.537500381469727
1646557200,29.200000762939453
1646560800,28.7450008392334
1646564400,28.752500534057617
1646568000,29.00749969482422
1646571600,28.895000457763672
1646575200,29.032499313354492
1646578800,28.9950008392334
1646582400,29.06999969482422
1646586000,29.24250030517578
1646589600,28.809999465942383
1646593200,28.68000030517578
1646596800,28.399999618530273
1646600400,28.594999313354492
1646604000,28.59000015258789
1646607600,28.459999084472656
1646611200,28.15999984741211
1646614800,28.040000915527344
1646618400,27.90999984741211
1646622000,27.302499771118164
1646625600,27.30500030517578
1646629200,27.19499969482422
1646632800,27.372499465942383
1646636400,27.5
1646640000,27.264999389648438
1646643600,27.677499771118164
1646647200,27.517499923706055
1646650800,27.542499542236328
1646654400,28.020000457763672
1646658000,28.25749969482422
1646661600,28.729999542236328
1646665200,28.770000457763672
1646668800,29.200000762939453
1646672400,29.010000228881836
1646676000,28.809999465942383
1646679600,29.052499771118164
1646683200,27.40999984741211
1646686800,27.65250015258789
1646690400,28.302499771118164
1646694000,28.56999969482422
1646697600,28.329999923706055
1646701200,28.8799991607666
1646704800,28.950000762939453
1646708400,29.014999389648438
1646712000,28.997499465942383
1646715600,28.637500762939453
1646719200,28.600000381469727
1646722800,28.09749984741211
1646726400,28.107500076293945
1646730000,28.559999465942383
1646733600,28.4424991607666
1646737200,28.5625
1646740800,28.8174991607666
1646744400,28.15250015258789
1646748000,28.202499389648438
1646751600,27.975000381469727
1646755200,27.787500381469727
1646758800,27.407499313354492
1646762400,28.262500762939453
1646766000,28.354999542236328
1646769600,28.34000015258789
1646773200,27.6924991607666
1646776800,27.65999984741211
1646780400,27.78499984741211
1646784000,27.892499923706055
1646787600,28.4375
1646791200,29.0575008392334
1646794800,29.479999542236328
1646798400,29.924999237060547
1646802000,29.792499542236328
1646805600,29.829999923706055
1646809200,30.31999969482422
1646812800,30.354999542236328
1646816400,30.47249984741211
1646820000,29.954999923706055
1646823600,30.280000686645508
1646827200,30.280000686645508
1646830800,30.014999389648438
1646834400,30.05500030517578
1646838000,30.510000228881836
1646841600,30.752500534057617
1646845200,30.875
1646848800,31.190000534057617
1646852400,30.475000381469727
1646856000,30.479999542236328
1646859600,30.06999969482422
1646863200,30.25
1646866800,29.857500076293945
1646870400,30.077499389648438
1646874000,30.149999618530273
1646877600,29.462499618530273
1646881200,29.3799991607666
1646884800,29.087499618530273
1646888400,28.447500228881836
1646892000,27.90999984741211
1646895600,27.895000457763672
1646899200,27.81999969482422
1646902800,28.217500686645508
1646906400,28.05500030517578
1646910000,27.905000686645508
1646913600,28.032499313354492
1646917200,28.079999923706055
1646920800,27.8799991607666
1646924400,28.207500457763672
1646928000,28.2549991607666
1646931600,27.9424991607666
1646935200,27.799999237060547
1646938800,27.8799991607666
1646942400,28.260000228881836
1646946000,28.395000457763672
1646949600,28.059999465942383
1646953200,28.165000915527344
1646956800,28.049999237060547
1646960400,27.975000381469727
1646964000,27.8799991607666
1646967600,27.167499542236328
1646971200,27.577499389648438
1646974800,27.219999313354492
1646978400,27.377500534057617
1646982000,27.665000915527344
1646985600,27.815000534057617
1646989200,27.512500762939453
1646992800,27.594999313354492
1646996400,27.59749984741211
1647000000,28.165000915527344
1647003600,28.31999969482422
1647007200,28.024999618530273
1647010800,27.84000015258789
1647014400,27.577499389648438
1647018000,27.397499084472656
1647021600,27.610000610351562
1647025200,27.297500610351562
1647028800,27.350000381469727
1647032400,27.315000534057617
1647036000,27.607500076293945
1647039600,27.665000915527344
1647043200,27.5049991607666
1647046800,27.985000610351562
1647050400,28.114999771118164
1647054000,27.864999771118164
1647057600,27.78499984741211
1647061200,27.8799991607666
1647064800,27.8700008392334
1647068400,27.68000030517578
1647072000,27.657499313354492
1647075600,27.422500610351562
1647079200,27.5625
1647082800,27.6825008392334
1647086400,27.600000381469727
1647090000,27.65250015258789
1647093600,27.424999237060547
1647097200,27.420000076293945
1647100800,27.440000534057617
1647104400,27.59749984741211
1647108000,27.454999923706055
1647111600,27.38249969482422
1647115200,27.387500762939453
1647118800,27.475000381469727
1647122400,27.459999084472656
1647126000,27.469999313354492
1647129600,27.262500762939453
1647133200,27.15250015258789
1647136800,27.252500534057617
1647140400,27.34000015258789
1647144000,27.46500015258789
1647147600,27.247499465942383
1647151200,27.2549991607666
1647154800,27.43000030517578
1647158400,27.362499237060547
1647162000,27.397499084472656
1647165600,27.219999313354492
1647169200,27.290000915527344
1647172800,27.200000762939453
1647176400,26.6299991607666
1647180000,26.842500686645508
1647183600,27.1924991607666
1647187200,27.280000686645508
1647190800,27.36750030517578
1647194400,27.405000686645508
1647198000,27.31999969482422
1647201600,26.829999923706055
1647205200,26.907499313354492
1647208800,26.725000381469727
1647212400,26.174999237060547
1647216000,26.270000457763672
1647219600,26.18000030517578
1647223200,26.145000457763672
1647226800,26.155000686645508
1647230400,26.295000076293945
1647234000,26.547500610351562
1647237600,26.594999313354492
1647241200,26.822500228881836
1647244800,26.969999313354492
1647248400,26.969999313354492
1647252000,27.012500762939453
1647255600,26.96500015258789
1647259200,26.78499984741211
1647262800,26.787500381469727
1647266400,26.959999084472656
1647270000,26.892499923706055
1647273600,26.6924991607666
1647277200,26.315000534057617
1647280800,26.104999542236328
1647284400,25.99250030517578
1647288000,26.114999771118164
1647291600,26.02750015258789
1647295200,26.059999465942383
1647298800,26.5674991607666
1647302400,26.862499237060547
1647306000,26.915000915527344
1647309600,26.3799991607666
1647313200,26.604999542236328
1647316800,26.344999313354492
1647320400,26.262500762939453
1647324000,26.292499542236328
1647327600,27.030000686645508
1647331200,26.920000076293945
1647334800,26.610000610351562
1647338400,26.667499542236328
1647342000,26.540000915527344
1647345600,26.649999618530273
1647349200,26.967500686645508
1647352800,26.8799991607666
1647356400,26.987499237060547
1647360000,27.357500076293945
1647363600,27.362499237060547
1647367200,27.645000457763672
1647370800,27.3700008392334
1647374400,27.457500457763672
1647378000,27.127500534057617
1647381600,27.315000534057617
1647385200,26.90999984741211
1647388800,26.912500381469727
1647392400,26.857500076293945
1647396000,27.110000610351562
1647399600,27.59749984741211
1647403200,26.762500762939453
1647406800,26.792499542236328
1647410400,26.77750015258789
1647414000,26.9424991607666
1647417600,26.9375
1647421200,27.24250030517578
1647424800,27.197500228881836
1647428400,27.104999542236328
1647432000,27.239999771118164
1647435600,27.287500381469727
1647439200,27.622499465942383
1647442800,27.982500076293945
1647446400,28.112499237060547
1647450000,28.329999923706055
1647453600,28.344999313354492
1647457200,28.229999542236328
1647460800,28.822500228881836
1647464400,28.8075008392334
1647468000,28.75
1647471600,28.702499389648438
1647475200,28.985000610351562
1647478800,28.920000076293945
1647482400,28.969999313354492
1647486000,28.770000457763672
1647489600,28.5049991607666
1647493200,28.49250030517578
1647496800,28.375
1647500400,28.202499389648438
1647504000,28.344999313354492
1647507600,28.297500610351562
1647511200,28.200000762939453
1647514800,28.31999969482422
1647518400,28.395000457763672
1647522000,28.600000381469727
1647525600,28.697500228881836
1647529200,28.545000076293945
1647532800,28.469999313354492
1647536400,28.537500381469727
1647540000,28.450000762939453
1647543600,28.28499984741211
1647547200,28.530000686645508
1647550800,28.270000457763672
1647554400,28.424999237060547
1647558000,28.385000228881836
1647561600,28.1825008392334
1647565200,27.53499984741211
1647568800,27.65250015258789
1647572400,27.510000228881836
1647576000,27.702499389648438
1647579600,27.962499618530273
1647583200,28.075000762939453
1647586800,27.997499465942383
1647590400,27.81999969482422
1647594000,27.860000610351562
1647597600,27.462499618530273
1647601200,27.344999313354492
1647604800,27.362499237060547
1647608400,27.407499313354492
1647612000,27.61750030517578
1647615600,27.61750030517578
1647619200,27.579999923706055
1647622800,28.09000015258789
1647626400,28.1200008392334
1647630000,28.264999389648438
1647633600,28.702499389648438
1647637200,28.717500686645508
1647640800,28.704999923706055
1647644400,28.587499618530273
1647648000,28.645000457763672
1647651600,28.950000762939453
1647655200,29.31999969482422
1647658800,29.34000015258789
1647662400,29.1299991607666
1647666000,29.122499465942383
1647669600,28.950000762939453
1647673200,28.9375
1647676800,28.772499084472656
1647680400,28.834999084472656
1647684000,28.5049991607666
1647687600,28.422500610351562
1647691200,28.772499084472656
1647694800,29.0049991607666
1647698400,28.752500534057617
1647702000,28.924999237060547
1647705600,28.84749984741211
1647709200,29
1647712800,28.885000228881836
1647716400,29.0049991607666
1647720000,28.897499084472656
1647723600,28.954999923706055
1647727200,28.8075008392334
1647730800,28.709999084472656
1647734400,28.677499771118164
1647738000,28.467500686645508
1647741600,28.479999542236328
1647745200,28.415000915527344
1647748800,28.4375
1647752400,28.3799991607666
1647756000,28.497499465942383
1647759600,28.489999771118164
1647763200,28.592500686645508
1647766800,28.514999389648438
1647770400,28.397499084472656
1647774000,28.407499313354492
1647777600,28.212499618530273
1647781200,28.1200008392334
1647784800,28.012500762939453
1647788400,27.940000534057617
1647792000,27.825000762939453
1647795600,27.905000686645508
1647799200,27.670000076293945
1647802800,27.799999237060547
1647806400,27.889999389648438
1647810000,27.77750015258789
1647813600,27.787500381469727
1647817200,27.852500915527344
1647820800,27.854999542236328
1647824400,27.917499542236328
1647828000,27.977500915527344
1647831600,27.912500381469727
1647835200,27.962499618530273
1647838800,28
1647842400,28.232500076293945
1647846000,28.092500686645508
1647849600,28.274999618530273
1647853200,28.260000228881836
1647856800,28.360000610351562
1647860400,28.247499465942383
1647864000,28.1875
1647867600,28.040000915527344
1647871200,27.950000762939453
1647874800,27.857500076293945
1647878400,27.989999771118164
1647882000,27.78499984741211
1647885600,27.927499771118164
1647889200,27.844999313354492
1647892800,27.952499389648438
1647896400,27.915000915527344
1647900000,27.9424991607666
1647903600,27.979999542236328
1647907200,27.947500228881836
1647910800,27.84749984741211
1647914400,27.75749969482422
1647918000,28.09000015258789
1647921600,28.274999618530273
1647925200,28.6875
1647928800,28.415000915527344
1647932400,28.165000915527344
1647936000,28.392499923706055
1647939600,28.479999542236328
1647943200,28.290000915527344
1647946800,28.497499465942383
1647950400,28.565000534057617
1647954000,28.40999984741211
1647957600,28.524999618530273
1647961200,28.607500076293945
1647964800,28.297500610351562
1647968400,28.204999923706055
1647972000,28.247499465942383
1647975600,28.100000381469727
1647979200,27.897499084472656
1647982800,28.079999923706055
1647986400,28.292499542236328
1647990000,28.135000228881836
1647993600,28.037500381469727
1647997200,28.002500534057617
1648000800,27.897499084472656
1648004400,27.957500457763672
1648008000,27.822500228881836
1648011600,27.90250015258789
1648015200,27.927499771118164
1648018800,27.952499389648438
1648022400,27.764999389648438
1648026000,27.547500610351562
1648029600,27.40250015258789
1648033200,27.575000762939453
1648036800,27.510000228881836
1648040400,27.702499389648438
1648044000,27.614999771118164
1648047600,27.927499771118164
1648051200,28.137500762939453
1648054800,27.989999771118164
1648058400,27.737499237060547
1648062000,27.670000076293945
1648065600,27.774999618530273
1648069200,27.88249969482422
1648072800,27.899999618530273
1648076400,28.032499313354492
1648080000,28.25
1648083600,28.375
1648087200,28.18000030517578
1648090800,28.329999923706055
1648094400,28.15999984741211
1648098000,28.31999969482422
1648101600,28.512500762939453
1648105200,28.612499237060547
1648108800,28.5
1648112400,28.7450008392334
1648116000,28.5674991607666
1648119600,28.44499969482422
1648123200,28.392499923706055
1648126800,28.1924991607666
1648130400,28.30500030517578
1648134000,28.594999313354492
1648137600,28.954999923706055
1648141200,28.997499465942383
1648144800,29.012500762939453
1648148400,29.09000015258789
1648152000,29.280000686645508
1648155600,29.145000457763672
1648159200,29.272499084472656
1648162800,29.112499237060547
1648166400,29.28499984741211
1648170000,29.825000762939453
1648173600,29.577499389648438
1648177200,29.612499237060547
1648180800,29.420000076293945
1648184400,29.56999969482422
1648188000,29.415000915527344
1648191600,29.420000076293945
1648195200,29.1875
1648198800,29.15250015258789
1648202400,29.25
1648206000,29.34000015258789
1648209600,29.485000610351562
1648213200,29.662500381469727
1648216800,29.375
1648220400,29.407499313354492
1648224000,28.647499084472656
1648227600,28.11750030517578
1648231200,28.03499984741211
1648234800,28.167499542236328
1648238400,28.1200008392334
1648242000,28.389999389648438
1648245600,28.31999969482422
1648249200,28.017499923706055
1648252800,28.147499084472656
1648256400,28.042499542236328
1648260000,28.172500610351562
1648263600,28.1825008392334
1648267200,28.354999542236328
1648270800,28.450000762939453
1648274400,28.514999389648438
1648278000,28.559999465942383
1648281600,28.684999465942383
1648285200,28.610000610351562
1648288800,28.530000686645508
1648292400,28.612499237060547
1648296000,28.8075008392334
1648299600,28.719999313354492
1648303200,28.645000457763672
1648306800,28.517499923706055
1648310400,28.65250015258789
1648314000,28.719999313354492
1648317600,28.739999771118164
1648321200,28.760000228881836
1648324800,28.795000076293945
1648328400,28.762500762939453
1648332000,28.672500610351562
1648335600,28.75749969482422
1648339200,28.8075008392334
1648342800,28.905000686645508
1648346400,29.09749984741211
1648350000,28.967500686645508
1648353600,28.940000534057617
1648357200,28.940000534057617
1648360800,28.915000915527344
1648364400,28.94499969482422
1648368000,29
1648371600,28.832500457763672
1648375200,28.729999542236328
1648378800,28.655000686645508
1648382400,28.6875
1648386000,28.18000030517578
1648389600,28.440000534057617
1648393200,28.537500381469727
1648396800,28.65250015258789
1648400400,28.770000457763672
1648404000,28.822500228881836
1648407600,28.787500381469727
1648411200,28.94499969482422
1648414800,29.299999237060547
1648418400,29.512500762939453
1648422000,29.594999313354492
1648425600,29.9950008392334
1648429200,30.524999618530273
1648432800,30.34749984741211
1648436400,30.540000915527344
1648440000,30.440000534057617
1648443600,30.407499313354492
1648447200,30.579999923706055
1648450800,30.280000686645508
1648454400,30.40999984741211
1648458000,30.3700008392334
1648461600,30.59000015258789
1648465200,30.482500076293945
1648468800,30.497499465942383
1648472400,30.3799991607666
1648476000,31.142499923706055
1648479600,31.087499618530273
1648483200,30.610000610351562
1648486800,30.787500381469727
1648490400,30.862499237060547
1648494000,31.107500076293945
1648497600,31.174999237060547
1648501200,31.477500915527344
1648504800,30.592500686645508
1648508400,30.107500076293945
1648512000,29.395000457763672
1648515600,29.852500915527344
1648519200,30.219999313354492
1648522800,30.122499465942383
1648526400,29.917499542236328
1648530000,30.547500610351562
1648533600,31.0575008392334
1648537200,30.795000076293945
1648540800,30.712499618530273
1648544400,30.90250015258789
1648548000,30.707500457763672
1648551600,30.647499084472656
1648555200,30.832500457763672
1648558800,31.125
1648562400,31.225000381469727
1648566000,31.395000457763672
1648569600,30.52750015258789
1648573200,30.684999465942383
1648576800,30.40250015258789
1648580400,30.3125
1648584000,30.427499771118164
1648587600,30.212499618530273
1648591200,29.895000457763672
1648594800,29.86750030517578
1648598400,30.247499465942383
1648602000,30.0625
1648605600,29.517499923706055
1648609200,29.837499618530273
1648612800,30.145000457763672
1648616400,30.0049991607666
1648620000,30.49250030517578
1648623600,30.40999984741211
1648627200,30.552499771118164
1648630800,30.514999389648438
1648634400,30.1299991607666
1648638000,30.197500228881836
1648641600,30.299999237060547
1648645200,30.170000076293945
1648648800,29.872499465942383
1648652400,30.032499313354492
1648656000,30.5049991607666
1648659600,31.0674991607666
1648663200,31.200000762939453
1648666800,30.732500076293945
1648670400,30.350000381469727
1648674000,30.407499313354492
1648677600,30.21500015258789
1648681200,30.165000915527344
1648684800,30.0625
1648688400,30.204999923706055
1648692000,30.622499465942383
1648695600,30.690000534057617
1648699200,30.334999084472656
1648702800,30.149999618530273
1648706400,30.40999984741211
1648710000,30.572500228881836
1648713600,30.649999618530273
1648717200,30.735000610351562
1648720800,30.802499771118164
1648724400,31.137500762939453
1648728000,30.725000381469727
1648731600,31.174999237060547
1648735200,30.209999084472656
1648738800,29.647499084472656
1648742400,29.667499542236328
1648746000,28.770000457763672
1648749600,29.024999618530273
1648753200,29.020000457763672
1648756800,28.787500381469727
1648760400,28.9325008392334
1648764000,28.862499237060547
1648767600,29.0625
1648771200,28.915000915527344
1648774800,29.147499084472656
1648778400,28.677499771118164
1648782000,27.829999923706055
1648785600,28.06999969482422
1648789200,28.1299991607666
1648792800,28.237499237060547
1648796400,28.459999084472656
1648800000,28.674999237060547
1648803600,28.55500030517578
1648807200,28.469999313354492
1648810800,28.524999618530273
1648814400,28.34000015258789
1648818000,28.497499465942383
1648821600,28.684999465942383
1648825200,29.207500457763672
1648828800,29.385000228881836
1648832400,29.104999542236328
1648836000,29.575000762939453
1648839600,29.594999313354492
1648843200,29.582500457763672
1648846800,29.399999618530273
1648850400,29.549999237060547
1648854000,29.329999923706055
1648857600,29.422500610351562
1648861200,29.797500610351562
1648864800,30.017499923706055
1648868400,29.75
1648872000,29.907499313354492
1648875600,29.985000610351562
1648879200,30.020000457763672
1648882800,30
1648886400,30.022499084472656
1648890000,30.302499771118164
1648893600,30.397499084472656
1648897200,30.424999237060547
1648900800,30.114999771118164
1648904400,30.302499771118164
1648908000,30.59000015258789
1648911600,30.274999618530273
1648915200,29.947500228881836
1648918800,31.072500228881836
1648922400,31.332500457763672
1648926000,31.732500076293945
1648929600,31.907499313354492
1648933200,32.685001373291016
1648936800,32.16999816894531
1648940400,31.614999771118164
1648944000,31.337499618530273
1648947600,31.22249984741211
1648951200,30.985000610351562
1648954800,31.032499313354492
1648958400,31.584999084472656
1648962000,32.165000915527344
1648965600,32.337501525878906
1648969200,32.872501373291016
1648972800,32.657501220703125
1648976400,32.27000045776367
1648980000,32.807498931884766
1648983600,33.05500030517578
1648987200,33.025001525878906
1648990800,32.86000061035156
1648994400,32.57749938964844
1648998000,32.692501068115234
1649001600,32.26750183105469
1649005200,32.497501373291016
1649008800,31.97249984741211
1649012400,31.947500228881836
1649016000,31.729999542236328
1649019600,31.842500686645508
1649023200,32.34749984741211
1649026800,32.35499954223633
1649030400,31.977500915527344
1649034000,31.549999237060547
1649037600,32.04750061035156
1649041200,32.10749816894531
1649044800,31.905000686645508
1649048400,31.875
1649052000,32.32500076293945
1649055600,32.435001373291016
1649059200,32.397499084472656
1649062800,31.97249984741211
1649066400,31.530000686645508
1649070000,31.262500762939453
1649073600,31.295000076293945
1649077200,30.969999313354492
1649080800,31.122499465942383
1649084400,30.697500228881836
1649088000,30.415000915527344
1649091600,30.827499389648438
1649095200,30.25749969482422
1649098800,30.639999389648438
1649102400,30.9325008392334
1649106000,31.13249969482422
1649109600,31.149999618530273
1649113200,31.174999237060547
1649116800,30.875
1649120400,30.280000686645508
1649124000,30.530000686645508
1649127600,30.709999084472656
1649131200,30.770000457763672
1649134800,30.915000915527344
1649138400,30.892499923706055
1649142000,30.579999923706055
1649145600,30.892499923706055
1649149200,30.844999313354492
1649152800,30.485000610351562
1649156400,30.607500076293945
1649160000,30.547500610351562
1649163600,30.825000762939453
1649167200,30.377500534057617
1649170800,29.982500076293945
1649174400,29.90999984741211
1649178000,29.950000762939453
1649181600,30.079999923706055
1649185200,29.897499084472656
1649188800,30.040000915527344
1649192400,29.59749984741211
1649196000,29.69499969482422
1649199600,29.627500534057617
1649203200,29.3075008392334
1649206800,28.860000610351562
1649210400,28.9375
1649214000,28.94499969482422
1649217600,28.770000457763672
1649221200,29.040000915527344
1649224800,29.167499542236328
1649228400,29.329999923706055
1649232000,29.165000915527344
1649235600,29.112499237060547
1649239200,29.139999389648438
1649242800,28.860000610351562
1649246400,28.522499084472656
1649250000,28.270000457763672
1649253600,27.75
1649257200,27.684999465942383
1649260800,27.704999923706055
1649264400,27.3125
1649268000,27.40250015258789
1649271600,27.462499618530273
1649275200,27.47249984741211
1649278800,27.672500610351562
1649282400,27.514999389648438
1649286000,26.97249984741211
1649289600,26.897499084472656
1649293200,26.422500610351562
1649296800,27.142499923706055
1649300400,27.262500762939453
1649304000,27.00749969482422
1649307600,27.139999389648438
1649311200,27.172500610351562
1649314800,27.322500228881836
1649318400,27.479999542236328
1649322000,27.417499542236328
1649325600,27.30500030517578
1649329200,27.247499465942383
1649332800,27.5674991607666
1649336400,27.3799991607666
1649340000,27.399999618530273
1649343600,27.15250015258789
1649347200,27.165000915527344
1649350800,27.399999618530273
1649354400,27.440000534057617
1649358000,27.655000686645508
1649361600,27.4950008392334
1649365200,27.637500762939453
1649368800,27.405000686645508
1649372400,27.792499542236328
1649376000,27.662500381469727
1649379600,27.53499984741211
1649383200,27.75749969482422
1649386800,27.797500610351562
1649390400,27.885000228881836
1649394000,27.854999542236328
1649397600,27.842500686645508
1649401200,27.887500762939453
1649404800,27.947500228881836
1649408400,27.897499084472656
1649412000,27.84749984741211
1649415600,27.549999237060547
1649419200,27.247499465942383
1649422800,27.002500534057617
1649426400,27.532499313354492
1649430000,28.667499542236328
1649433600,28.482500076293945
1649437200,28.184999465942383
1649440800,27.9950008392334
1649444400,28.032499313354492
1649448000,27.787500381469727
1649451600,27.707500457763672
1649455200,27.260000228881836
1649458800,26.93000030517578
1649462400,26.885000228881836
1649466000,27.137500762939453
1649469600,27.172500610351562
1649473200,26.72249984741211
1649476800,26.947500228881836
1649480400,26.957500457763672
1649484000,27.11750030517578
1649487600,27.0049991607666
1649491200,27.09749984741211
1649494800,27.219999313354492
1649498400,27.104999542236328
1649502000,27.122499465942383
1649505600,27.09749984741211
1649509200,27.18000030517578
1649512800,27.212499618530273
1649516400,27.18000030517578
1649520000,26.77750015258789
1649523600,26.957500457763672
1649527200,27.155000686645508
1649530800,26.857500076293945
1649534400,26.917499542236328
1649538000,26.872499465942383
1649541600,27.032499313354492
1649545200,27.03499984741211
1649548800,27.272499084472656
1649552400,27.13249969482422
1649556000,27.225000381469727
1649559600,27.327499389648438
1649563200,27.262500762939453
1649566800,27.142499923706055
1649570400,27.024999618530273
1649574000,27.094999313354492
1649577600,26.947500228881836
1649581200,26.9375
1649584800,26.9375
1649588400,26.959999084472656
1649592000,26.9950008392334
1649595600,26.792499542236328
1649599200,26.532499313354492
1649602800,26.735000610351562
1649606400,26.7549991607666
1649610000,27.012500762939453
1649613600,27.299999237060547
1649617200,27.25749969482422
1649620800,27.239999771118164
1649624400,27.18000030517578
1649628000,26.90250015258789
1649631600,26.729999542236328
1649635200,26.502500534057617
1649638800,26.299999237060547
1649642400,26.274999618530273
1649646000,25.997499465942383
1649649600,26.1200008392334
1649653200,26.260000228881836
1649656800,26.282499313354492
1649660400,26.232500076293945
1649664000,26.392499923706055
1649667600,26.322500228881836
1649671200,25.21500015258789
1649674800,25.392499923706055
1649678400,25.1875
1649682000,25.272499084472656
1649685600,25.25
1649689200,24.989999771118164
1649692800,24.782499313354492
1649696400,25.017499923706055
1649700000,25.040000915527344
1649703600,25.042499542236328
1649707200,24.637500762939453
1649710800,23.872499465942383
1649714400,23.65999984741211
1649718000,23.772499084472656
1649721600,23.864999771118164
1649725200,24.017499923706055
1649728800,24.082500457763672
1649732400,23.8174991607666
1649736000,23.97249984741211
1649739600,24.235000610351562
1649743200,24.545000076293945
1649746800,24.462499618530273
1649750400,24.702499389648438
1649754000,24.77750015258789
1649757600,24.697500228881836
1649761200,24.607500076293945
1649764800,24.962499618530273
1649768400,25.225000381469727
1649772000,25.174999237060547
1649775600,24.364999771118164
1649779200,24.5
1649782800,24.75749969482422
1649786400,24.549999237060547
1649790000,24.112499237060547
1649793600,24.0674991607666
1649797200,24.399999618530273
1649800800,24.522499084472656
1649804400,24.512500762939453
1649808000,24.649999618530273
1649811600,24.497499465942383
1649815200,24.6200008392334
1649818800,24.55500030517578
1649822400,24.63249969482422
1649826000,24.727500915527344
1649829600,24.8075008392334
1649833200,24.522499084472656
1649836800,24.760000228881836
1649840400,24.690000534057617
1649844000,24.59749984741211
1649847600,24.447500228881836
1649851200,24.272499084472656
1649854800,24.197500228881836
1649858400,24.760000228881836
1649862000,24.802499771118164
1649865600,24.99250030517578
1649869200,24.889999389648438
1649872800,24.792499542236328
1649876400,25.049999237060547
1649880000,24.799999237060547
1649883600,24.897499084472656
1649887200,24.862499237060547
1649890800,24.6924991607666
1649894400,24.700000762939453
1649898000,24.600000381469727
1649901600,24.997499465942383
1649905200,25.010000228881836
1649908800,24.77750015258789
1649912400,24.787500381469727
1649916000,24.979999542236328
1649919600,24.84749984741211
1649923200,24.975000381469727
1649926800,24.84749984741211
1649930400,24.8700008392334
1649934000,24.549999237060547
1649937600,24.602500915527344
1649941200,24.86750030517578
1649944800,24.337499618530273
1649948400,24.412500381469727
1649952000,23.8799991607666
1649955600,24.012500762939453
1649959200,24.149999618530273
1649962800,23.857500076293945
1649966400,23.947500228881836
1649970000,23.99250030517578
1649973600,24.012500762939453
1649977200,23.872499465942383
1649980800,23.969999313354492
1649984400,23.90250015258789
1649988000,24.065000534057617
1649991600,24.200000762939453
1649995200,24.337499618530273
1649998800,24.170000076293945
1650002400,24.157499313354492
1650006000,24.0674991607666
1650009600,24.010000228881836
1650013200,24.014999389648438
1650016800,24.047500610351562
1650020400,24.125
1650024000,24.18000030517578
1650027600,24.06999969482422
1650031200,23.864999771118164
1650034800,24.075000762939453
1650038400,24.05500030517578
1650042000,24.075000762939453
1650045600,24.15250015258789
1650049200,24.09000015258789
1650052800,24.03499984741211
1650056400,24.1875
1650060000,24.13249969482422
1650063600,24.065000534057617
1650067200,24.1200008392334
1650070800,24.209999084472656
1650074400,24.3075008392334
1650078000,24.274999618530273
1650081600,24.177499771118164
1650085200,24.247499465942383
1650088800,24.209999084472656
1650092400,24.237499237060547
1650096000,24.235000610351562
1650099600,24.22249984741211
1650103200,24.139999389648438
1650106800,24.235000610351562
1650110400,24.235000610351562
1650114000,24.387500762939453
1650117600,24.297500610351562
1650121200,24.297500610351562
1650124800,23.924999237060547
1650128400,24.014999389648438
1650132000,23.94499969482422
1650135600,23.9950008392334
1650139200,24.059999465942383
1650142800,24.142499923706055
1650146400,24.217500686645508
1650150000,24.170000076293945
1650153600,24.1825008392334
1650157200,24.112499237060547
1650160800,24.145000457763672
1650164400,23.975000381469727
1650168000,24.037500381469727
1650171600,24.139999389648438
1650175200,24.125
1650178800,24.114999771118164
1650182400,24.075000762939453
1650186000,24.084999084472656
1650189600,24.122499465942383
1650193200,24.100000381469727
1650196800,24.18000030517578
1650200400,24.1924991607666
1650204000,24.1875
1650207600,24.247499465942383
1650211200,24.3700008392334
1650214800,24.28499984741211
1650218400,24.149999618530273
1650222000,24.024999618530273
1650225600,24.145000457763672
1650229200,24.022499084472656
1650232800,24.052499771118164
1650236400,23.797500610351562
1650240000,23.219999313354492
1650243600,23.350000381469727
1650247200,23.362499237060547
1650250800,23.482500076293945
1650254400,23.497499465942383
1650258000,22.514999389648438
1650261600,22.637500762939453
1650265200,22.815000534057617
1650268800,22.6299991607666
1650272400,22.657499313354492
1650276000,22.725000381469727
1650279600,22.764999389648438
1650283200,22.877500534057617
1650286800,23.1825008392334
1650290400,23.174999237060547
1650294000,23.427499771118164
1650297600,23.18000030517578
1650301200,23.329999923706055
1650304800,23.71500015258789
1650308400,23.860000610351562
1650312000,23.725000381469727
1650315600,23.74250030517578
1650319200,23.860000610351562
1650322800,23.897499084472656
1650326400,24.084999084472656
1650330000,24.25
1650333600,24.082500457763672
1650337200,23.892499923706055
1650340800,23.9424991607666
1650344400,24.142499923706055
1650348000,24.082500457763672
1650351600,24
1650355200,23.954999923706055
1650358800,23.90250015258789
1650362400,23.802499771118164
1650366000,23.907499313354492
1650369600,23.90250015258789
1650373200,24.042499542236328
1650376800,24.375
1650380400,24.4375
1650384000,24.395000457763672
1650387600,24.52750015258789
1650391200,24.407499313354492
1650394800,24.389999389648438
1650398400,24.47249984741211
1650402000,24.462499618530273
1650405600,24.572500228881836
1650409200,24.575000762939453
1650412800,24.68000030517578
1650416400,24.49250030517578
1650420000,24.575000762939453
1650423600,24.552499771118164
1650427200,24.737499237060547
1650430800,24.59749984741211
1650434400,24.735000610351562
1650438000,24.780000686645508
1650441600,24.7549991607666
1650445200,24.852500915527344
1650448800,24.719999313354492
1650452400,24.977500915527344
1650456000,25.05500030517578
1650459600,24.982500076293945
1650463200,24.6825008392334
1650466800,24.587499618530273
1650470400,24.270000457763672
1650474000,24.427499771118164
1650477600,24.387500762939453
1650481200,24.127500534057617
1650484800,24.227500915527344
1650488400,24.274999618530273
1650492000,24.287500381469727
1650495600,24.452499389648438
1650499200,24.295000076293945
1650502800,24.467500686645508
1650506400,24.532499313354492
1650510000,24.514999389648438
1650513600,24.52750015258789
1650517200,24.4424991607666
1650520800,24.157499313354492
1650524400,24.2450008392334
1650528000,24.399999618530273
1650531600,24.422500610351562
1650535200,24.167499542236328
1650538800,24.610000610351562
1650542400,24.655000686645508
1650546000,24.7549991607666
1650549600,24.772499084472656
1650553200,24.7549991607666
1650556800,24.607500076293945
1650560400,24.219999313354492
1650564000,24.227500915527344
1650567600,24.127500534057617
1650571200,23.737499237060547
1650574800,23.422500610351562
1650578400,23.362499237060547
1650582000,23.235000610351562
1650585600,23.315000534057617
1650589200,23.487499237060547
1650592800,23.475000381469727
1650596400,23.512500762939453
1650600000,23.600000381469727
1650603600,23.674999237060547
1650607200,23.80500030517578
1650610800,23.732500076293945
1650614400,23.614999771118164
1650618000,23.5674991607666
1650621600,23.392499923706055
1650625200,23.612499237060547
1650628800,23.6875
1650632400,23.610000610351562
1650636000,23.387500762939453
1650639600,23.325000762939453
1650643200,23.135000228881836
1650646800,23.045000076293945
1650650400,23.11750030517578
1650654000,23.30500030517578
1650657600,23.079999923706055
1650661200,23.21500015258789
1650664800,23.0674991607666
1650668400,23.079999923706055
1650672000,23.107500076293945
1650675600,23.024999618530273
1650679200,23.09749984741211
1650682800,22.954999923706055
1650686400,23.022499084472656
1650690000,22.985000610351562
1650693600,22.989999771118164
1650697200,23.024999618530273
1650700800,22.997499465942383
1650704400,23.149999618530273
1650708000,23.1200008392334
1650711600,23.155000686645508
1650715200,23.149999618530273
1650718800,23.157499313354492
1650722400,23.15999984741211
1650726000,23.177499771118164
1650729600,23.200000762939453
1650733200,23.292499542236328
1650736800,23.322500228881836
1650740400,23.200000762939453
1650744000,23.25749969482422
1650747600,23.290000915527344
1650751200,23.332500457763672
1650754800,23.342500686645508
1650758400,23.232500076293945
1650762000,23.125
1650765600,22.952499389648438
1650769200,23.002500534057617
1650772800,23.149999618530273
1650776400,23.082500457763672
1650780000,23.0625
1650783600,23.21500015258789
1650787200,23.15250015258789
1650790800,23.024999618530273
1650794400,23.040000915527344
1650798000,22.969999313354492
1650801600,22.8700008392334
1650805200,22.844999313354492
1650808800,22.8125
1650812400,22.907499313354492
1650816000,22.822500228881836
1650819600,22.584999084472656
1650823200,22.389999389648438
1650826800,22.610000610351562
1650830400,22.65250015258789
1650834000,22.354999542236328
1650837600,22.452499389648438
1650841200,22.427499771118164
1650844800,22.295000076293945
1650848400,21.55500030517578
1650852000,21.862499237060547
1650855600,21.80500030517578
1650859200,21.834999084472656
1650862800,21.700000762939453
1650866400,21.520000457763672
1650870000,21.082500457763672
1650873600,20.940000534057617
1650877200,20.934999465942383
1650880800,21.135000228881836
1650884400,21.02750015258789
1650888000,21.43000030517578
1650891600,21.332500457763672
1650895200,21.24250030517578
1650898800,21.392499923706055
1650902400,21.350000381469727
1650906000,21.825000762939453
1650909600,21.7450008392334
1650913200,21.864999771118164
1650916800,22.040000915527344
1650920400,21.962499618530273
1650924000,22.037500381469727
1650927600,22.1299991607666
1650931200,22.142499923706055
1650934800,22.229999542236328
1650938400,22.010000228881836
1650942000,21.915000915527344
1650945600,21.982500076293945
1650949200,22.0674991607666
1650952800,22.142499923706055
1650956400,22.147499084472656
1650960000,22.110000610351562
1650963600,22.217500686645508
1650967200,22.107500076293945
1650970800,22.022499084472656
1650974400,21.875
1650978000,21.68000030517578
1650981600,21.46500015258789
1650985200,21.110000610351562
1650988800,20.825000762939453
1650992400,20.895000457763672
1650996000,20.739999771118164
1650999600,20.790000915527344
1651003200,20.635000228881836
1651006800,20.4950008392334
1651010400,20.59000015258789
1651014000,20.512500762939453
1651017600,20.315000534057617
1651021200,20.329999923706055
1651024800,20.572500228881836
1651028400,20.65250015258789
1651032000,20.514999389648438
1651035600,20.61750030517578
1651039200,20.725000381469727
1651042800,20.899999618530273
1651046400,21.135000228881836
1651050000,20.982500076293945
1651053600,21.087499618530273
1651057200,20.920000076293945
1651060800,20.71500015258789
1651064400,21.022499084472656
1651068000,21.264999389648438
1651071600,21.655000686645508
1651075200,21.767499923706055
1651078800,21.6299991607666
1651082400,21.530000686645508
1651086000,21.327499389648438
1651089600,21.302499771118164
1651093200,21.479999542236328
1651096800,21.565000534057617
1651100400,21.5
1651104000,21.44499969482422
1651107600,21.30500030517578
1651111200,21.170000076293945
1651114800,21.27750015258789
1651118400,21.107500076293945
1651122000,21.21500015258789
1651125600,21.142499923706055
1651129200,21.217500686645508
1651132800,21.19499969482422
1651136400,21.287500381469727
1651140000,21.292499542236328
1651143600,21.139999389648438
1651147200,21.315000534057617
1651150800,20.9424991607666
1651154400,20.84000015258789
1651158000,20.594999313354492
1651161600,20.5674991607666
1651165200,20.892499923706055
1651168800,21.0049991607666
1651172400,21.014999389648438
1651176000,20.8700008392334
1651179600,20.84000015258789
1651183200,20.792499542236328
1651186800,20.780000686645508
1651190400,20.75
1651194000,20.862499237060547
1651197600,20.737499237060547
1651201200,20.3799991607666
1651204800,20.459999084472656
1651208400,20.485000610351562
1651212000,20.517499923706055
1651215600,20.7450008392334
1651219200,20.822500228881836
1651222800,20.645000457763672
1651226400,20.450000762939453
1651230000,20.037500381469727
1651233600,20.037500381469727
1651237200,20.15999984741211
1651240800,20.350000381469727
1651244400,20.052499771118164
1651248000,20.102500915527344
1651251600,19.889999389648438
1651255200,19.989999771118164
1651258800,19.642499923706055
1651262400,19.4325008392334
1651266000,19.635000228881836
1651269600,19.485000610351562
1651273200,19.520000457763672
1651276800,19.4424991607666
1651280400,19.5
1651284000,19.4325008392334
1651287600,19.397499084472656
1651291200,19.274999618530273
1651294800,19.415000915527344
1651298400,19.487499237060547
1651302000,19.405000686645508
1651305600,19.174999237060547
1651309200,19.040000915527344
1651312800,19.014999389648438
1651316400,18.905000686645508
1651320000,19.0049991607666
1651323600,18.959999084472656
1651327200,18.762500762939453
1651330800,18.375
1651334400,18.639999389648438
1651338000,18.3799991607666
1651341600,18.397499084472656
1651345200,18.485000610351562
1651348800,18.625
1651352400,18.520000457763672
1651356000,18.462499618530273
1651359600,18.174999237060547
1651363200,17.860000610351562
1651366800,17.954999923706055
1651370400,18.297500610351562
1651374000,18.137500762939453
1651377600,18.322500228881836
1651381200,18.157499313354492
1651384800,18.530000686645508
1651388400,18.427499771118164
1651392000,18.297500610351562
1651395600,18.497499465942383
1651399200,18.322500228881836
1651402800,18.350000381469727
1651406400,18.22249984741211
1651410000,18.05500030517578
1651413600,17.899999618530273
1651417200,17.657499313354492
1651420800,18.25
1651424400,18.514999389648438
1651428000,18.360000610351562
1651431600,17.907499313354492
1651435200,17.729999542236328
1651438800,17.99250030517578
1651442400,17.985000610351562
1651446000,17.760000228881836
1651449600,17.997499465942383
1651453200,18.202499389648438
1651456800,18.024999618530273
1651460400,18.05500030517578
1651464000,18.02750015258789
1651467600,18.25
1651471200,18.172500610351562
1651474800,18.1299991607666
1651478400,18.112499237060547
1651482000,17.8799991607666
1651485600,17.809999465942383
1651489200,17.655000686645508
1651492800,17.352500915527344
1651496400,17.389999389648438
1651500000,17.719999313354492
1651503600,17.822500228881836
1651507200,17.940000534057617
1651510800,17.729999542236328
1651514400,17.43000030517578
1651518000,17.38249969482422
1651521600,17.8075008392334
1651525200,17.65250015258789
1651528800,18.020000457763672
1651532400,17.857500076293945
1651536000,17.809999465942383
1651539600,17.760000228881836
1651543200,17.897499084472656
1651546800,17.895000457763672
1651550400,18.03499984741211
1651554000,18.387500762939453
1651557600,18.530000686645508
1651561200,18.672500610351562
1651564800,18.6200008392334
1651568400,18.639999389648438
1651572000,18.510000228881836
1651575600,18.385000228881836
1651579200,18.860000610351562
1651582800,18.549999237060547
1651586400,18.532499313354492
1651590000,18.40250015258789
1651593600,18.299999237060547
1651597200,18.155000686645508
1651600800,18.077499389648438
1651604400,17.852500915527344
1651608000,17.587499618530273
1651611600,17.639999389648438
1651615200,17.6200008392334
1651618800,17.667499542236328
1651622400,17.56999969482422
1651626000,17.774999618530273
1651629600,17.809999465942383
1651633200,17.907499313354492
1651636800,18.052499771118164
1651640400,17.917499542236328
1651644000,17.9424991607666
1651647600,17.997499465942383
1651651200,18.045000076293945
1651654800,18.2549991607666
1651658400,18.094999313354492
1651662000,18.292499542236328
1651665600,18.315000534057617
1651669200,18.267499923706055
1651672800,17.982500076293945
1651676400,18.047500610351562
1651680000,18.145000457763672
1651683600,18.600000381469727
1651687200,18.69499969482422
1651690800,19.252500534057617
1651694400,19.962499618530273
1651698000,19.967500686645508
1651701600,19.727500915527344
1651705200,19.672500610351562
1651708800,19.920000076293945
1651712400,20.03499984741211
1651716000,20.072500228881836
1651719600,20.25
1651723200,20.209999084472656
1651726800,20.232500076293945
1651730400,20.087499618530273
1651734000,19.950000762939453
1651737600,19.975000381469727
1651741200,20.040000915527344
1651744800,19.8174991607666
1651748400,19.782499313354492
1651752000,19.739999771118164
1651755600,19.94499969482422
1651759200,19.38249969482422
1651762800,18.6299991607666
1651766400,17.577499389648438
1651770000,17.727500915527344
1651773600,17.540000915527344
1651777200,17.4950008392334
1651780800,17.7549991607666
1651784400,18.020000457763672
1651788000,17.885000228881836
1651791600,17.670000076293945
1651795200,17.842500686645508
1651798800,17.815000534057617
1651802400,17.7450008392334
1651806000,17.850000381469727
1651809600,17.857500076293945
1651813200,17.844999313354492
1651816800,17.920000076293945
1651820400,17.920000076293945
1651824000,17.68000030517578
1651827600,17.594999313354492
1651831200,17.767499923706055
1651834800,17.530000686645508
1651838400,17.43000030517578
1651842000,17.59000015258789
1651845600,17.344999313354492
1651849200,17.594999313354492
1651852800,17.5625
1651856400,17.762500762939453
1651860000,17.530000686645508
1651863600,17.627500534057617
1651867200,17.732500076293945
1651870800,17.75749969482422
1651874400,17.7450008392334
1651878000,17.78499984741211
1651881600,17.662500381469727
1651885200,17.399999618530273
1651888800,17.309999465942383
1651892400,17.09749984741211
1651896000,16.924999237060547
1651899600,16.639999389648438
1651903200,16.917499542236328
1651906800,16.72249984741211
1651910400,16.967500686645508
1651914000,17.0049991607666
1651917600,16.9424991607666
1651921200,17.024999618530273
1651924800,17.002500534057617
1651928400,17.012500762939453
1651932000,16.809999465942383
1651935600,16.979999542236328
1651939200,16.99250030517578
1651942800,17.0575008392334
1651946400,17.137500762939453
1651950000,17.102500915527344
1651953600,16.962499618530273
1651957200,16.8125
1651960800,16.297500610351562
1651964400,16.174999237060547
1651968000,16.4375
1651971600,16.202499389648438
1651975200,15.880000114440918
1651978800,16.040000915527344
1651982400,16.104999542236328
1651986000,16.084999084472656
1651989600,16.059999465942383
1651993200,16.252500534057617
1651996800,16.1200008392334
1652000400,16.172500610351562
1652004000,15.977499961853027
1652007600,16.207500457763672
1652011200,16.202499389648438
1652014800,15.960000038146973
1652018400,15.757499694824219
1652022000,15.942500114440918
1652025600,15.9350004196167
1652029200,16.047500610351562
1652032800,15.829999923706055
1652036400,16.114999771118164
1652040000,16.042499542236328
1652043600,15.989999771118164
1652047200,16.102500915527344
1652050800,15.869999885559082
1652054400,15.704999923706055
1652058000,15.914999961853027
1652061600,15.645000457763672
1652065200,15.297499656677246
1652068800,15.279999732971191
1652072400,15.342499732971191
1652076000,15.132499694824219
1652079600,15.132499694824219
1652083200,15.024999618530273
1652086800,15.142499923706055
1652090400,14.977499961853027
1652094000,14.532500267028809
1652097600,14.732500076293945
1652101200,14.585000038146973
1652104800,14.819999694824219
1652108400,14.567500114440918
1652112000,14.510000228881836
1652115600,13.912500381469727
1652119200,14.380000114440918
1652122800,13.967499732971191
1652126400,13.932499885559082
1652130000,14.114999771118164
1652133600,13.65999984741211
1652137200,13.532500267028809
1652140800,12.46500015258789
1652144400,12.770000457763672
1652148000,12.630000114440918
1652151600,12.732500076293945
1652155200,12.6850004196167
1652158800,13.287500381469727
1652162400,14.117500305175781
1652166000,14.880000114440918
1652169600,14.2524995803833
1652173200,14.640000343322754
1652176800,14.2475004196167
1652180400,14.305000305175781
1652184000,14.737500190734863
1652187600,14.967499732971191
1652191200,14.692500114440918
1652194800,14.192500114440918
1652198400,14.510000228881836
1652202000,14.324999809265137
1652205600,14.572500228881836
1652209200,14.475000381469727
1652212800,14.217499732971191
1652216400,13.962499618530273
1652220000,13.0625
1652223600,13.342499732971191
1652227200,13.582500457763672
1652230800,13.664999961853027
1652234400,13.289999961853027
1652238000,13.835000038146973
1652241600,13.602499961853027
1652245200,13.142499923706055
1652248800,13.265000343322754
1652252400,12.262499809265137
1652256000,11.970000267028809
1652259600,12.385000228881836
1652263200,12.72249984741211
1652266800,12.475000381469727
1652270400,11.817500114440918
1652274000,9.592499732971191
1652277600,11.957500457763672
1652281200,12.295000076293945
1652284800,11.524999618530273
1652288400,10.984999656677246
1652292000,10.914999961853027
1652295600,10.994999885559082
1652299200,10.65999984741211
1652302800,10.100000381469727
1652306400,10.332500457763672
1652310000,10.657500267028809
1652313600,10.774999618530273
1652317200,10.96500015258789
1652320800,10.6850004196167
1652324400,10.085000038146973
1652328000,9.657500267028809
1652331600,9.199999809265137
1652335200,9.050000190734863
1652338800,8.787500381469727
1652342400,9.869999885559082
1652346000,9.417499542236328
1652349600,8.9975004196167
1652353200,9.274999618530273
1652356800,9.182499885559082
1652360400,9.404999732971191
1652364000,9.072500228881836
1652367600,9.6850004196167
1652371200,9.5
1652374800,10.074999809265137
1652378400,9.702500343322754
1652382000,9.614999771118164
1652385600,9.529999732971191
1652389200,9.077500343322754
1652392800,9.1899995803833
1652396400,9.27750015258789
1652400000,9.632499694824219
1652403600,9.345000267028809
1652407200,9.032500267028809
1652410800,9.842499732971191
1652414400,10.430000305175781
1652418000,10.454999923706055
1652421600,10.699999809265137
1652425200,11.069999694824219
1652428800,10.885000228881836
1652432400,10.857500076293945
1652436000,10.852499961853027
1652439600,10.9975004196167
1652443200,11.229999542236328
1652446800,11.204999923706055
1652450400,11.180000305175781
1652454000,11.547499656677246
1652457600,11.087499618530273
1652461200,10.742500305175781
1652464800,10.515000343322754
1652468400,10.975000381469727
1652472000,10.417499542236328
1652475600,10.3125
1652479200,10.649999618530273
1652482800,10.295000076293945
1652486400,10.3149995803833
1652490000,10.510000228881836
1652493600,10.757499694824219
1652497200,10.779999732971191
1652500800,10.694999694824219
1652504400,10.342499732971191
1652508000,10.362500190734863
1652511600,10.505000114440918
1652515200,10.452500343322754
1652518800,10.529999732971191
1652522400,10.4975004196167
1652526000,10.154999732971191
1652529600,9.970000267028809
1652533200,9.982500076293945
1652536800,9.630000114440918
1652540400,9.717499732971191
1652544000,9.645000457763672
1652547600,10.0625
1652551200,10.220000267028809
1652554800,10.305000305175781
1652558400,10.270000457763672
1652562000,10.350000381469727
1652565600,10.672499656677246
1652569200,10.732500076293945
1652572800,10.772500038146973
1652576400,10.672499656677246
1652580000,10.555000305175781
1652583600,10.425000190734863
1652587200,10.407500267028809
1652590800,10.537500381469727
1652594400,10.857500076293945
1652598000,10.917499542236328
1652601600,10.78499984741211
1652605200,10.612500190734863
1652608800,10.725000381469727
1652612400,10.949999809265137
1652616000,11.260000228881836
1652619600,11.345000267028809
1652623200,11.212499618530273
1652626800,11.2524995803833
1652630400,11.107500076293945
1652634000,11.427499771118164
1652637600,11.392499923706055
1652641200,11.789999961853027
1652644800,11.779999732971191
1652648400,11.782500267028809
1652652000,12.085000038146973
1652655600,12.052499771118164
1652659200,12.3774995803833
1652662800,12.164999961853027
1652666400,12.092499732971191
1652670000,12.172499656677246
1652673600,11.882499694824219
1652677200,12.039999961853027
1652680800,12.109999656677246
1652684400,11.4350004196167
1652688000,11.762499809265137
1652691600,11.819999694824219
1652695200,11.242500305175781
1652698800,11.662500381469727
1652702400,11.572500228881836
1652706000,11.475000381469727
1652709600,11.085000038146973
1652713200,11.170000076293945
1652716800,11.279999732971191
1652720400,11.095000267028809
1652724000,11.327500343322754
1652727600,11.300000190734863
1652731200,11.1225004196167
1652734800,11.217499732971191
1652738400,11.279999732971191
1652742000,11.147500038146973
1652745600,11.067500114440918
1652749200,11.300000190734863
1652752800,11.27750015258789
1652756400,11.317500114440918
1652760000,11.442500114440918
1652763600,11.507499694824219
1652767200,11.569999694824219
1652770800,11.755000114440918
1652774400,11.547499656677246
1652778000,11.59749984741211
1652781600,11.662500381469727
1652785200,11.4375
1652788800,11.392499923706055
1652792400,11.670000076293945
1652796000,11.7475004196167
1652799600,11.337499618530273
1652803200,11.217499732971191
1652806800,11.1850004196167
1652810400,11.112500190734863
1652814000,10.977499961853027
1652817600,11.135000228881836
1652821200,11.157500267028809
1652824800,11.487500190734863
1652828400,11.4350004196167
1652832000,11.442500114440918
1652835600,11.592499732971191
1652839200,11.329999923706055
1652842800,11.555000305175781
1652846400,11.180000305175781
1652850000,11.270000457763672
1652853600,11.27750015258789
1652857200,10.97249984741211
1652860800,11.072500228881836
1652864400,11
1652868000,10.970000267028809
1652871600,10.9975004196167
1652875200,10.8725004196167
1652878800,10.65999984741211
1652882400,10.505000114440918
1652886000,10.489999771118164
1652889600,10.1899995803833
1652893200,10.289999961853027
1652896800,10.182499885559082
1652900400,10.239999771118164
1652904000,10.442500114440918
1652907600,10.359999656677246
1652911200,10.352499961853027
1652914800,10.270000457763672
1652918400,10.104999542236328
1652922000,10.220000267028809
1652925600,9.917499542236328
1652929200,10.162500381469727
1652932800,10.232500076293945
1652936400,10.21500015258789
1652940000,10.092499732971191
1652943600,10.385000228881836
1652947200,10.204999923706055
1652950800,9.994999885559082
1652954400,9.920000076293945
1652958000,10
1652961600,10.482500076293945
1652965200,10.40999984741211
1652968800,10.489999771118164
1652972400,10.630000114440918
1652976000,10.827500343322754
1652979600,10.817500114440918
1652983200,10.797499656677246
1652986800,10.762499809265137
1652990400,10.59000015258789
1652994000,10.694999694824219
1652997600,10.65250015258789
1653001200,10.640000343322754
1653004800,10.817500114440918
1653008400,10.960000038146973
1653012000,11.274999618530273
1653015600,11.229999542236328
1653019200,11.489999771118164
1653022800,11.369999885559082
1653026400,11.545000076293945
1653030000,11.305000305175781
1653033600,11.350000381469727
1653037200,11.337499618530273
1653040800,11.4350004196167
1653044400,11.779999732971191
1653048000,11.97249984741211
1653051600,11.97249984741211
1653055200,12.109999656677246
1653058800,11.582500457763672
1653062400,11.09749984741211
1653066000,11.092499732971191
1653069600,11.1274995803833
1653073200,11.067500114440918
1653076800,11.297499656677246
1653080400,11.199999809265137
1653084000,11.09000015258789
1653087600,11.140000343322754
1653091200,11.204999923706055
1653094800,11.149999618530273
1653098400,11.039999961853027
1653102000,11.175000190734863
1653105600,11.212499618530273
1653109200,11.172499656677246
1653112800,11.140000343322754
1653116400,11.09000015258789
1653120000,11.1225004196167
1653123600,10.967499732971191
1653127200,10.994999885559082
1653130800,10.952500343322754
1653134400,10.882499694824219
1653138000,10.84749984741211
1653141600,10.932499885559082
1653145200,11.045000076293945
1653148800,11.15999984741211
1653152400,11.414999961853027
1653156000,11.180000305175781
1653159600,11.27750015258789
1653163200,11.085000038146973
1653166800,10.932499885559082
1653170400,10.8149995803833
1653174000,11.037500381469727
1653177600,11.039999961853027
1653181200,11.175000190734863
1653184800,11.132499694824219
1653188400,10.97249984741211
1653192000,11.029999732971191
1653195600,10.925000190734863
1653199200,10.987500190734863
1653202800,11.140000343322754
1653206400,11.142499923706055
1653210000,11.257499694824219
1653213600,11.5
1653217200,11.387499809265137
1653220800,11.287500381469727
1653224400,11.475000381469727
1653228000,11.345000267028809
1653231600,11.390000343322754
1653235200,11.2524995803833
1653238800,11.260000228881836
1653242400,11.227499961853027
1653246000,11.327500343322754
1653249600,11.244999885559082
1653253200,11.239999771118164
1653256800,11.3149995803833
1653260400,11.470000267028809
1653264000,11.407500267028809
1653267600,11.619999885559082
1653271200,11.460000038146973
1653274800,11.34749984741211
1653278400,11.452500343322754
1653282000,11.425000190734863
1653285600,11.5625
1653289200,11.760000228881836
1653292800,11.927499771118164
1653296400,11.895000457763672
1653300000,12.022500038146973
1653303600,12.057499885559082
1653307200,12.154999732971191
1653310800,12.015000343322754
1653314400,11.96500015258789
1653318000,11.930000305175781
1653321600,12.007499694824219
1653325200,12.022500038146973
1653328800,12.037500381469727
1653332400,11.774999618530273
1653336000,11.282500267028809
1653339600,11.585000038146973
1653343200,11.397500038146973
1653346800,11.154999732971191
1653350400,11.112500190734863
1653354000,11.194999694824219
1653357600,11.25
1653361200,11.267499923706055
1653364800,11.3100004196167
1653368400,11.272500038146973
1653372000,11.255000114440918
1653375600,11.157500267028809
1653379200,11.217499732971191
1653382800,10.892499923706055
1653386400,10.982500076293945
1653390000,11.037500381469727
1653393600,10.987500190734863
1653397200,10.960000038146973
1653400800,10.579999923706055
1653404400,10.649999618530273
1653408000,10.970000267028809
1653411600,10.802499771118164
1653415200,10.789999961853027
1653418800,10.779999732971191
1653422400,10.8725004196167
1653426000,10.982500076293945
1653429600,11.032500267028809
1653433200,11.039999961853027
1653436800,11.082500457763672
1653440400,10.984999656677246
1653444000,11.052499771118164
1653447600,11.335000038146973
1653451200,11.255000114440918
1653454800,11.077500343322754
1653458400,10.957500457763672
1653462000,10.9350004196167
1653465600,10.822500228881836
1653469200,10.917499542236328
1653472800,10.899999618530273
1653476400,10.817500114440918
1653480000,10.637499809265137
1653483600,10.732500076293945
1653487200,10.832500457763672
1653490800,10.807499885559082
1653494400,10.787500381469727
1653498000,10.75
1653501600,10.729999542236328
1653505200,10.779999732971191
1653508800,10.725000381469727
1653512400,10.827500343322754
1653516000,10.8149995803833
1653519600,10.789999961853027
1653523200,10.729999542236328
1653526800,10.852499961853027
1653530400,10.7475004196167
1653534000,10.842499732971191
1653537600,10.807499885559082
1653541200,10.744999885559082
1653544800,10.442500114440918
1653548400,10.237500190734863
1653552000,10.1875
1653555600,9.707500457763672
1653559200,9.670000076293945
1653562800,9.510000228881836
1653566400,9.462499618530273
1653570000,9.557499885559082
1653573600,9.604999542236328
1653577200,9.857500076293945
1653580800,9.829999923706055
1653584400,9.930000305175781
1653588000,9.9399995803833
1653591600,9.6850004196167
1653595200,9.510000228881836
1653598800,9.617500305175781
1653602400,9.649999618530273
1653606000,9.6850004196167
1653609600,9.612500190734863
1653613200,9.489999771118164
1653616800,9.167499542236328
1653620400,9.227499961853027
1653624000,9.425000190734863
1653627600,9.272500038146973
1653631200,9.142499923706055
1653634800,9.387499809265137
1653638400,9.422499656677246
1653642000,9.342499732971191
1653645600,9.53499984741211
1653649200,9.412500381469727
1653652800,9.630000114440918
1653656400,9.797499656677246
1653660000,9.845000267028809
1653663600,9.582500457763672
1653667200,9.600000381469727
1653670800,9.529999732971191
1653674400,9.265000343322754
1653678000,9.237500190734863
1653681600,9.34749984741211
1653685200,9.457500457763672
1653688800,9.362500190734863
1653692400,9.362500190734863
1653696000,9.260000228881836
1653699600,9.515000343322754
1653703200,9.337499618530273
1653706800,9.242500305175781
1653710400,9.350000381469727
1653714000,9.382499694824219
1653717600,9.482500076293945
1653721200,9.505000114440918
1653724800,9.457500457763672
1653728400,9.432499885559082
1653732000,9.432499885559082
1653735600,9.3774995803833
1653739200,9.492500305175781
1653742800,9.477499961853027
1653746400,9.52750015258789
1653750000,9.444999694824219
1653753600,9.577500343322754
1653757200,9.542499542236328
1653760800,9.3725004196167
1653764400,9.482500076293945
1653768000,9.46500015258789
1653771600,9.507499694824219
1653775200,9.422499656677246
1653778800,9.385000228881836
1653782400,9.407500267028809
1653786000,9.425000190734863
1653789600,9.270000457763672
1653793200,9.1875
1653796800,9.242500305175781
1653800400,9.220000267028809
1653804000,9.28499984741211
1653807600,9.319999694824219
1653811200,9.3100004196167
1653814800,9.350000381469727
1653818400,9.282500267028809
1653822000,9.417499542236328
1653825600,9.477499961853027
1653829200,9.569999694824219
1653832800,9.6274995803833
1653836400,9.572500228881836
1653840000,9.507499694824219
1653843600,9.537500381469727
1653847200,9.510000228881836
1653850800,9.46500015258789
1653854400,9.467499732971191
1653858000,9.482500076293945
1653861600,9.537500381469727
1653865200,9.5625
1653868800,9.595000267028809
1653872400,9.529999732971191
1653876000,9.90999984741211
1653879600,9.957500457763672
1653883200,9.9399995803833
1653886800,9.922499656677246
1653890400,10.042499542236328
1653894000,10.182499885559082
1653897600,10.387499809265137
1653901200,10.282500267028809
1653904800,10.1850004196167
1653908400,10.147500038146973
1653912000,10.167499542236328
1653915600,10.182499885559082
1653919200,10.199999809265137
1653922800,10.1899995803833
1653926400,10.192500114440918
1653930000,10.232500076293945
1653933600,10.25
1653937200,10.229999542236328
1653940800,10.217499732971191
1653944400,10.449999809265137
1653948000,10.46500015258789
1653951600,10.53499984741211
1653955200,10.4975004196167
1653958800,10.442500114440918
1653962400,10.425000190734863
1653966000,10.710000038146973
1653969600,10.645000457763672
1653973200,10.604999542236328
1653976800,10.505000114440918
1653980400,10.414999961853027
1653984000,10.47249984741211
1653987600,10.457500457763672
1653991200,10.350000381469727
1653994800,10.425000190734863
1653998400,10.664999961853027
1654002000,10.5
1654005600,10.255000114440918
1654009200,10.317500114440918
1654012800,10.489999771118164
1654016400,10.40250015258789
1654020000,10.390000343322754
1654023600,10.130000114440918
1654027200,10.125
1654030800,10.239999771118164
1654034400,10.170000076293945
1654038000,10.3100004196167
1654041600,10.324999809265137
1654045200,10.425000190734863
1654048800,10.354999542236328
1654052400,10.28499984741211
1654056000,10.15250015258789
1654059600,10.177499771118164
1654063200,10.09000015258789
1654066800,10.199999809265137
1654070400,10.164999961853027
1654074000,10.272500038146973
1654077600,10.47249984741211
1654081200,10.357500076293945
1654084800,10.305000305175781
1654088400,10.382499694824219
1654092000,10.412500381469727
1654095600,10.074999809265137
1654099200,9.947500228881836
1654102800,9.755000114440918
1654106400,9.699999809265137
1654110000,9.59749984741211
1654113600,9.5649995803833
1654117200,9.265000343322754
1654120800,9.242500305175781
1654124400,9.307499885559082
1654128000,9.342499732971191
1654131600,9.262499809265137
1654135200,9.329999923706055
1654138800,9.322500228881836
1654142400,9.22249984741211
1654146000,9.289999961853027
1654149600,9.319999694824219
1654153200,9.342499732971191
1654156800,9.385000228881836
1654160400,9.412500381469727
1654164000,9.3774995803833
1654167600,9.487500190734863
1654171200,9.542499542236328
1654174800,9.427499771118164
1654178400,9.329999923706055
1654182000,9.357500076293945
1654185600,9.4399995803833
1654189200,9.454999923706055
1654192800,9.430000305175781
1654196400,9.4975004196167
1654200000,9.557499885559082
1654203600,9.517499923706055
1654207200,9.587499618530273
1654210800,9.614999771118164
1654214400,9.6274995803833
1654218000,9.557499885559082
1654221600,9.677499771118164
1654225200,9.6274995803833
1654228800,9.612500190734863
1654232400,9.442500114440918
1654236000,9.524999618530273
1654239600,9.444999694824219
1654243200,9.40250015258789
1654246800,9.387499809265137
1654250400,9.300000190734863
1654254000,9.072500228881836
1654257600,9.102499961853027
1654261200,9.039999961853027
1654264800,9.15250015258789
1654268400,9.047499656677246
1654272000,9.015000343322754
1654275600,9.117500305175781
1654279200,9.109999656677246
1654282800,9.162500381469727
1654286400,9.142499923706055
1654290000,9.25
1654293600,9.289999961853027
1654297200,9.1899995803833
1654300800,9.172499656677246
1654304400,9.132499694824219
1654308000,8.994999885559082
1654311600,8.989999771118164
1654315200,9.015000343322754
1654318800,9.167499542236328
1654322400,9.149999618530273
1654326000,9.175000190734863
1654329600,9.157500267028809
1654333200,9.199999809265137
1654336800,9.194999694824219
1654340400,9.202500343322754
1654344000,9.135000228881836
1654347600,8.977499961853027
1654351200,9.109999656677246
1654354800,9.182499885559082
1654358400,9.149999618530273
1654362000,9.09749984741211
1654365600,9.167499542236328
1654369200,9.1274995803833
1654372800,9.074999809265137
1654376400,9.177499771118164
1654380000,9.197500228881836
1654383600,9.147500038146973
1654387200,9.25
1654390800,9.09749984741211
1654394400,9.047499656677246
1654398000,9.09749984741211
1654401600,9.09749984741211
1654405200,9.09749984741211
1654408800,9.15250015258789
1654412400,9.1274995803833
1654416000,9.107500076293945
1654419600,9.117500305175781
1654423200,9.142499923706055
1654426800,9.170000076293945
1654430400,9.180000305175781
1654434000,9.15999984741211
1654437600,9.109999656677246
1654441200,9.164999961853027
1654444800,9.28499984741211
1654448400,9.202500343322754
1654452000,9.322500228881836
1654455600,9.272500038146973
1654459200,9.300000190734863
1654462800,9.282500267028809
1654466400,9.307499885559082
1654470000,9.292499542236328
1654473600,9.175000190734863
1654477200,9.335000038146973
1654480800,9.4975004196167
1654484400,9.452500343322754
1654488000,9.52750015258789
1654491600,9.524999618530273
1654495200,9.487500190734863
1654498800,9.619999885559082
1654502400,9.619999885559082
1654506000,9.725000381469727
1654509600,9.734999656677246
1654513200,9.694999694824219
1654516800,9.567500114440918
1654520400,9.567500114440918
1654524000,9.487500190734863
1654527600,9.454999923706055
1654531200,9.46500015258789
1654534800,9.345000267028809
1654538400,9.345000267028809
1654542000,9.335000038146973
1654545600,9.367500305175781
1654549200,9.364999771118164
1654552800,9.444999694824219
1654556400,9.399999618530273
1654560000,9.454999923706055
1654563600,8.960000038146973
1654567200,8.852499961853027
1654570800,8.862500190734863
1654574400,8.960000038146973
1654578000,8.977499961853027
1654581600,8.885000228881836
1654585200,8.892499923706055
1654588800,8.895000457763672
1654592400,8.892499923706055
1654596000,8.805000305175781
1654599600,8.789999961853027
1654603200,8.642499923706055
1654606800,8.602499961853027
1654610400,8.704999923706055
1654614000,8.832500457763672
1654617600,8.734999656677246
1654621200,8.732500076293945
1654624800,8.8100004196167
1654628400,8.914999961853027
1654632000,9.039999961853027
1654635600,9.057499885559082
1654639200,9.225000381469727
1654642800,9.197500228881836
1654646400,9.182499885559082
1654650000,9.234999656677246
1654653600,9.302499771118164
1654657200,9.292499542236328
1654660800,8.982500076293945
1654664400,8.90250015258789
1654668000,9.015000343322754
1654671600,8.78499984741211
1654675200,8.852499961853027
1654678800,8.869999885559082
1654682400,8.885000228881836
1654686000,8.774999618530273
1654689600,8.875
1654693200,8.787500381469727
1654696800,8.987500190734863
1654700400,8.892499923706055
1654704000,8.957500457763672
1654707600,8.84000015258789
1654711200,8.897500038146973
1654714800,8.762499809265137
1654718400,8.742500305175781
1654722000,8.800000190734863
1654725600,8.90999984741211
1654729200,8.822500228881836
1654732800,8.760000228881836
1654736400,8.7475004196167
1654740000,8.78499984741211
1654743600,8.890000343322754
1654747200,8.897500038146973
1654750800,8.869999885559082
1654754400,8.90999984741211
1654758000,8.890000343322754
1654761600,8.987500190734863
1654765200,9.015000343322754
1654768800,9.087499618530273
1654772400,9.02750015258789
1654776000,8.869999885559082
1654779600,8.765000343322754
1654783200,8.8725004196167
1654786800,8.84749984741211
1654790400,8.84000015258789
1654794000,8.97249984741211
1654797600,8.954999923706055
1654801200,8.819999694824219
1654804800,8.720000267028809
1654808400,8.859999656677246
1654812000,8.8100004196167
1654815600,8.762499809265137
1654819200,8.760000228881836
1654822800,8.699999809265137
1654826400,8.739999771118164
1654830000,8.829999923706055
1654833600,8.869999885559082
1654837200,8.925000190734863
1654840800,8.949999809265137
1654844400,8.819999694824219
1654848000,8.774999618530273
1654851600,8.760000228881836
1654855200,8.692500114440918
1654858800,8.78499984741211
1654862400,8.772500038146973
1654866000,8.357500076293945
1654869600,8.2475004196167
1654873200,8.369999885559082
1654876800,8.34749984741211
1654880400,8.207500457763672
1654884000,8.180000305175781
1654887600,8.172499656677246
1654891200,8.15250015258789
1654894800,8.202500343322754
1654898400,8.2475004196167
1654902000,8.170000076293945
1654905600,8.079999923706055
1654909200,8.2475004196167
1654912800,8.234999656677246
1654916400,8.237500190734863
1654920000,8.28499984741211
1654923600,8.335000038146973
1654927200,8.2524995803833
1654930800,8.282500267028809
1654934400,8.319999694824219
1654938000,8.039999961853027
1654941600,8.109999656677246
1654945200,8
1654948800,7.804999828338623
1654952400,7.684999942779541
1654956000,7.767499923706055
1654959600,7.522500038146973
1654963200,7.489999771118164
1654966800,7.630000114440918
1654970400,7.597499847412109
1654974000,7.644999980926514
1654977600,7.567500114440918
1654981200,7.482500076293945
1654984800,7.602499961853027
1654988400,7.71999979019165
1654992000,7.550000190734863
1654995600,7.5625
1654999200,7.295000076293945
1655002800,7.085000038146973
1655006400,7.135000228881836
1655010000,7.057499885559082
1655013600,7.012499809265137
1655017200,7.197500228881836
1655020800,7.25
1655024400,7.244999885559082
1655028000,7.21999979019165
1655031600,7.252500057220459
1655035200,7.277500152587891
1655038800,7.239999771118164
1655042400,7.114999771118164
1655046000,7.590000152587891
1655049600,7.602499961853027
1655053200,7.554999828338623
1655056800,7.579999923706055
1655060400,7.462500095367432
1655064000,7.465000152587891
1655067600,7.382500171661377
1655071200,7.397500038146973
1655074800,7.21999979019165
1655078400,7.074999809265137
1655082000,6.855000019073486
1655085600,6.789999961853027
1655089200,6.652500152587891
1655092800,6.630000114440918
1655096400,6.605000019073486
1655100000,6.394999980926514
1655103600,6.315000057220459
1655107200,6.195000171661377
1655110800,5.922500133514404
1655114400,6.152500152587891
1655118000,6.057499885559082
1655121600,6.027500152587891
1655125200,6.070000171661377
1655128800,6.257500171661377
1655132400,6.087500095367432
1655136000,6.34499979019165
1655139600,6.482500076293945
1655143200,6.4375
1655146800,6.417500019073486
1655150400,6.465000152587891
1655154000,6.554999828338623
1655157600,6.392499923706055
1655161200,6.177499771118164
1655164800,6.492499828338623
1655168400,6.304999828338623
1655172000,5.980000019073486
1655175600,6.300000190734863
1655179200,6.552499771118164
1655182800,6.462500095367432
1655186400,6.724999904632568
1655190000,6.739999771118164
1655193600,6.707499980926514
1655197200,6.542500019073486
1655200800,6.474999904632568
1655204400,6.457499980926514
1655208000,6.427499771118164
1655211600,6.432499885559082
1655215200,6.525000095367432
1655218800,6.472499847412109
1655222400,6.507500171661377
1655226000,6.372499942779541
1655229600,6.327499866485596
1655233200,6.355000019073486
1655236800,6.329999923706055
1655240400,6.284999847412109
1655244000,6.15749979019165
1655247600,6.232500076293945
1655251200,6.349999904632568
1655254800,6.267499923706055
1655258400,6.502500057220459
1655262000,6.512499809265137
1655265600,6.489999771118164
1655269200,6.335000038146973
1655272800,6.357500076293945
1655276400,6.420000076293945
1655280000,6.269999980926514
1655283600,5.96999979019165
1655287200,6.087500095367432
1655290800,6.380000114440918
1655294400,6.567500114440918
1655298000,6.585000038146973
1655301600,6.672500133514404
1655305200,6.525000095367432
1655308800,6.664999961853027
1655312400,6.382500171661377
1655316000,6.625
1655319600,6.965000152587891
1655323200,6.940000057220459
1655326800,7.027500152587891
1655330400,7.175000190734863
1655334000,7.207499980926514
1655337600,7.315000057220459
1655341200,7.264999866485596
1655344800,7.207499980926514
1655348400,7.260000228881836
1655352000,7.170000076293945
1655355600,7.152500152587891
1655359200,7.070000171661377
1655362800,6.997499942779541
1655366400,6.877500057220459
1655370000,6.922500133514404
1655373600,6.65500020980835
1655377200,6.630000114440918
1655380800,6.53000020980835
1655384400,6.565000057220459
1655388000,6.445000171661377
1655391600,6.472499847412109
1655395200,6.550000190734863
1655398800,6.59250020980835
1655402400,6.487500190734863
1655406000,6.494999885559082
1655409600,6.372499942779541
1655413200,6.442500114440918
1655416800,6.40749979019165
1655420400,6.255000114440918
1655424000,6.340000152587891
1655427600,6.309999942779541
1655431200,6.517499923706055
1655434800,6.409999847412109
1655438400,6.284999847412109
1655442000,6.367499828338623
1655445600,6.422500133514404
1655449200,6.482500076293945
1655452800,6.505000114440918
1655456400,6.485000133514404
1655460000,6.462500095367432
1655463600,6.574999809265137
1655467200,6.492499828338623
1655470800,6.394999980926514
1655474400,6.525000095367432
1655478000,6.449999809265137
1655481600,6.46999979019165
1655485200,6.382500171661377
1655488800,6.420000076293945
1655492400,6.40749979019165
1655496000,6.385000228881836
1655499600,6.462500095367432
1655503200,6.434999942779541
1655506800,6.40749979019165
1655510400,6.369999885559082
1655514000,6.440000057220459
1655517600,6.210000038146973
1655521200,6.235000133514404
1655524800,6.25
1655528400,6.264999866485596
1655532000,6.215000152587891
1655535600,5.994999885559082
1655539200,5.90500020980835
1655542800,5.860000133514404
1655546400,5.940000057220459
1655550000,5.980000019073486
1655553600,5.945000171661377
1655557200,5.914999961853027
1655560800,5.929999828338623
1655564400,5.840000152587891
1655568000,5.849999904632568
1655571600,5.835000038146973
1655575200,5.829999923706055
1655578800,5.847499847412109
1655582400,5.632500171661377
1655586000,5.71999979019165
1655589600,6.039999961853027
1655593200,6.070000171661377
1655596800,6.070000171661377
1655600400,6.025000095367432
1655604000,6.014999866485596
1655607600,5.965000152587891
1655611200,5.927499771118164
1655614800,6.014999866485596
1655618400,5.922500133514404
1655622000,6.070000171661377
1655625600,6.087500095367432
1655629200,6.144999980926514
1655632800,6.130000114440918
1655636400,6.397500038146973
1655640000,6.367499828338623
1655643600,6.304999828338623
1655647200,6.257500171661377
1655650800,6.360000133514404
1655654400,6.489999771118164
1655658000,6.427499771118164
1655661600,6.414999961853027
1655665200,6.697500228881836
1655668800,6.642499923706055
1655672400,6.817500114440918
1655676000,6.739999771118164
1655679600,6.722499847412109
1655683200,6.767499923706055
1655686800,6.632500171661377
1655690400,6.605000019073486
1655694000,6.539999961853027
1655697600,6.570000171661377
1655701200,6.510000228881836
1655704800,6.607500076293945
1655708400,6.597499847412109
1655712000,6.552499771118164
1655715600,6.704999923706055
1655719200,6.787499904632568
1655722800,6.949999809265137
1655726400,6.925000190734863
1655730000,6.804999828338623
1655733600,6.755000114440918
1655737200,6.934999942779541
1655740800,6.862500190734863
1655744400,6.8125
1655748000,6.679999828338623
1655751600,6.702499866485596
1655755200,6.715000152587891
1655758800,6.795000076293945
1655762400,6.704999923706055
1655766000,6.78249979019165
1655769600,6.804999828338623
1655773200,6.820000171661377
1655776800,6.78249979019165
1655780400,6.744999885559082
1655784000,6.829999923706055
1655787600,6.885000228881836
1655791200,6.994999885559082
1655794800,7.027500152587891
1655798400,6.929999828338623
1655802000,7.097499847412109
1655805600,7.005000114440918
1655809200,7.014999866485596
1655812800,6.897500038146973
1655816400,6.940000057220459
1655820000,7.15500020980835
1655823600,7.122499942779541
1655827200,7.072500228881836
1655830800,7.067500114440918
1655834400,7
1655838000,6.940000057220459
1655841600,6.800000190734863
1655845200,6.840000152587891
1655848800,6.857500076293945
1655852400,6.932499885559082
1655856000,6.942500114440918
1655859600,6.84499979019165
1655863200,6.710000038146973
1655866800,6.722499847412109
1655870400,6.65749979019165
1655874000,6.732500076293945
1655877600,6.752500057220459
1655881200,6.682499885559082
1655884800,6.622499942779541
1655888400,6.707499980926514
1655892000,6.802499771118164
1655895600,6.809999942779541
1655899200,6.897500038146973
1655902800,6.849999904632568
1655906400,7.025000095367432
1655910000,7.034999847412109
1655913600,6.860000133514404
1655917200,6.867499828338623
1655920800,7.275000095367432
1655924400,7.397500038146973
1655928000,7.289999961853027
1655931600,7.167500019073486
1655935200,7.227499961853027
1655938800,7.114999771118164
1655942400,7.052499771118164
1655946000,7.247499942779541
1655949600,7.267499923706055
1655953200,7.272500038146973
1655956800,7.402500152587891
1655960400,7.512499809265137
1655964000,7.482500076293945
1655967600,7.522500038146973
1655971200,7.585000038146973
1655974800,7.637499809265137
1655978400,7.659999847412109
1655982000,7.71750020980835
1655985600,7.679999828338623
1655989200,7.582499980926514
1655992800,7.527500152587891
1655996400,7.872499942779541
1656000000,7.789999961853027
1656003600,7.747499942779541
1656007200,7.902500152587891
1656010800,7.894999980926514
1656014400,8.079999923706055
1656018000,8.087499618530273
1656021600,8.0024995803833
1656025200,8
1656028800,8.1274995803833
1656032400,8.345000267028809
1656036000,8.380000114440918
1656039600,8.422499656677246
1656043200,8.34749984741211
1656046800,8.295000076293945
1656050400,8.197500228881836
1656054000,8.197500228881836
1656057600,8.295000076293945
1656061200,8.3100004196167
1656064800,8.227499961853027
1656068400,8.212499618530273
1656072000,8.142499923706055
1656075600,8.15250015258789
1656079200,8.180000305175781
1656082800,8.15250015258789
1656086400,8.112500190734863
1656090000,8.074999809265137
1656093600,7.992499828338623
1656097200,8.085000038146973
1656100800,8.130000114440918
1656104400,8.175000190734863
1656108000,8.25
1656111600,8.307499885559082
1656115200,8.25
1656118800,8.157500267028809
1656122400,8.345000267028809
1656126000,8.100000381469727
1656129600,8.25
1656133200,8.295000076293945
1656136800,8.229999542236328
1656140400,8.260000228881836
1656144000,8.352499961853027
1656147600,8.412500381469727
1656151200,8.517499923706055
1656154800,8.475000381469727
1656158400,8.345000267028809
1656162000,8.162500381469727
1656165600,8.175000190734863
1656169200,8.149999618530273
1656172800,8.012499809265137
1656176400,8.104999542236328
1656180000,8.170000076293945
1656183600,8.34000015258789
1656187200,8.492500305175781
1656190800,8.47249984741211
1656194400,8.574999809265137
1656198000,8.569999694824219
1656201600,8.662500381469727
1656205200,8.6225004196167
1656208800,8.479999542236328
1656212400,8.444999694824219
1656216000,8.452500343322754
1656219600,8.442500114440918
1656223200,8.414999961853027
1656226800,8.4375
1656230400,8.345000267028809
1656234000,8.380000114440918
1656237600,8.367500305175781
1656241200,8.4375
1656244800,8.557499885559082
1656248400,8.345000267028809
1656252000,8.569999694824219
1656255600,8.489999771118164
1656259200,8.574999809265137
1656262800,8.482500076293945
1656266400,8.487500190734863
1656270000,8.34749984741211
1656273600,8.447500228881836
1656277200,8.550000190734863
1656280800,8.492500305175781
1656284400,8.157500267028809
1656288000,8.045000076293945
1656291600,8.15250015258789
1656295200,8.164999961853027
1656298800,8.220000267028809
1656302400,8.2475004196167
1656306000,8.337499618530273
1656309600,8.220000267028809
1656313200,8.282500267028809
1656316800,8.387499809265137
1656320400,8.444999694824219
1656324000,8.5024995803833
1656327600,8.547499656677246
1656331200,8.399999618530273
1656334800,8.46500015258789
1656338400,8.130000114440918
1656342000,8.204999923706055
1656345600,8.217499732971191
1656349200,8.117500305175781
1656352800,7.932499885559082
1656356400,8.069999694824219
1656360000,7.9375
1656363600,7.954999923706055
1656367200,7.942500114440918
1656370800,7.954999923706055
1656374400,7.78000020980835
1656378000,7.795000076293945
1656381600,7.545000076293945
1656385200,7.559999942779541
1656388800,7.619999885559082
1656392400,7.672500133514404
1656396000,7.647500038146973
1656399600,7.777500152587891
1656403200,7.84250020980835
1656406800,7.945000171661377
1656410400,7.885000228881836
1656414000,7.877500057220459
1656417600,7.887499809265137
1656421200,7.849999904632568
1656424800,7.927499771118164
1656428400,7.767499923706055
1656432000,7.75
1656435600,7.647500038146973
1656439200,7.59250020980835
1656442800,7.547500133514404
1656446400,7.482500076293945
1656450000,7.482500076293945
1656453600,7.494999885559082
1656457200,7.297500133514404
1656460800,7.335000038146973
1656464400,7.329999923706055
1656468000,7.420000076293945
1656471600,7.392499923706055
1656475200,7.292500019073486
1656478800,7.28000020980835
1656482400,7.172500133514404
1656486000,7.082499980926514
1656489600,7.192500114440918
1656493200,7.159999847412109
1656496800,7.182499885559082
1656500400,7.142499923706055
1656504000,7.164999961853027
1656507600,7.065000057220459
1656511200,7.21999979019165
1656514800,7.257500171661377
1656518400,7.21999979019165
1656522000,7.085000038146973
1656525600,7.197500228881836
1656529200,7.295000076293945
1656532800,7.429999828338623
1656536400,7.369999885559082
1656540000,7.385000228881836
1656543600,7.414999961853027
1656547200,7.392499923706055
1656550800,7.215000152587891
1656554400,7.28000020980835
1656558000,7.465000152587891
1656561600,7.610000133514404
1656565200,7.452499866485596
1656568800,7.429999828338623
1656572400,7.304999828338623
1656576000,7.332499980926514
1656579600,7.15500020980835
1656583200,7.147500038146973
1656586800,7.047500133514404
1656590400,6.965000152587891
1656594000,7.085000038146973
1656597600,6.972499847412109
1656601200,7.112500190734863
1656604800,7.144999980926514
1656608400,7.117499828338623
1656612000,7.150000095367432
1656615600,7.065000057220459
1656619200,7.184999942779541
1656622800,7.117499828338623
1656626400,7.144999980926514
1656630000,7.242499828338623
1656633600,7.557499885559082
1656637200,7.699999809265137
1656640800,7.75
1656644400,7.697500228881836
1656648000,7.522500038146973
1656651600,7.434999942779541
1656655200,7.477499961853027
1656658800,7.40749979019165
1656662400,7.570000171661377
1656666000,7.487500190734863
1656669600,7.434999942779541
1656673200,7.227499961853027
1656676800,7.337500095367432
1656680400,7.287499904632568
1656684000,7.715000152587891
1656687600,7.670000076293945
1656691200,7.710000038146973
1656694800,7.989999771118164
1656698400,8.057499885559082
1656702000,8.09749984741211
1656705600,8.154999732971191
1656709200,8.257499694824219
1656712800,8.145000457763672
1656716400,8.114999771118164
1656720000,8.074999809265137
1656723600,8.03499984741211
1656727200,8.182499885559082
1656730800,8.197500228881836
1656734400,8.100000381469727
1656738000,8.045000076293945
1656741600,8.069999694824219
1656745200,8.012499809265137
1656748800,7.972499847412109
1656752400,8.010000228881836
1656756000,8.135000228881836
1656759600,8.114999771118164
1656763200,8.0625
1656766800,8.114999771118164
1656770400,8.052499771118164
1656774000,8.119999885559082
1656777600,8.132499694824219
1656781200,8.167499542236328
1656784800,8.1225004196167
1656788400,8.15999984741211
1656792000,8.130000114440918
1656795600,8.09749984741211
1656799200,8.182499885559082
1656802800,8.092499732971191
1656806400,8.052499771118164
1656810000,8.024999618530273
1656813600,7.777500152587891
1656817200,7.887499809265137
1656820800,7.949999809265137
1656824400,8.082500457763672
1656828000,7.989999771118164
1656831600,7.980000019073486
1656835200,7.934999942779541
1656838800,7.917500019073486
1656842400,8.02750015258789
1656846000,8.112500190734863
1656849600,8.085000038146973
1656853200,8.072500228881836
1656856800,7.972499847412109
1656860400,8
1656864000,7.989999771118164
1656867600,8.140000343322754
1656871200,8.167499542236328
1656874800,8.194999694824219
1656878400,8.262499809265137
1656882000,8.177499771118164
1656885600,8.164999961853027
1656889200,8.082500457763672
1656892800,8.079999923706055
1656896400,8.0600004196167
1656900000,8.012499809265137
1656903600,7.872499942779541
1656907200,7.940000057220459
1656910800,7.992499828338623
1656914400,8.017499923706055
1656918000,7.9375
1656921600,8.005000114440918
1656925200,8.0024995803833
1656928800,8.09749984741211
1656932400,8.039999961853027
1656936000,8.239999771118164
1656939600,8.210000038146973
1656943200,8.137499809265137
1656946800,8.170000076293945
1656950400,8.287500381469727
1656954000,8.382499694824219
1656957600,8.595000267028809
1656961200,8.670000076293945
1656964800,8.625
1656968400,8.6225004196167
1656972000,8.755000114440918
1656975600,8.8125
1656979200,8.739999771118164
1656982800,8.850000381469727
1656986400,8.819999694824219
1656990000,8.767499923706055
1656993600,8.907500267028809
1656997200,8.9399995803833
1657000800,9.082500457763672
1657004400,9.22249984741211
1657008000,9.079999923706055
1657011600,8.9350004196167
1657015200,8.8725004196167
1657018800,8.885000228881836
1657022400,8.680000305175781
1657026000,8.414999961853027
1657029600,8.442500114440918
1657033200,8.494999885559082
1657036800,8.75
1657040400,8.704999923706055
1657044000,8.8149995803833
1657047600,9.067500114440918
1657051200,9.0600004196167
1657054800,9.037500381469727
1657058400,9.0649995803833
1657062000,9.137499809265137
1657065600,8.907500267028809
1657069200,9.260000228881836
1657072800,9.172499656677246
1657076400,9.0625
1657080000,9.167499542236328
1657083600,9.055000305175781
1657087200,9.047499656677246
1657090800,9.042499542236328
1657094400,9.020000457763672
1657098000,9.012499809265137
1657101600,9.029999732971191
1657105200,8.942500114440918
1657108800,8.850000381469727
1657112400,8.805000305175781
1657116000,8.922499656677246
1657119600,8.970000267028809
1657123200,8.895000457763672
1657126800,9.024999618530273
1657130400,9.03499984741211
1657134000,9.074999809265137
1657137600,8.992500305175781
1657141200,8.9399995803833
1657144800,8.852499961853027
1657148400,8.925000190734863
1657152000,8.885000228881836
1657155600,8.895000457763672
1657159200,8.867500305175781
1657162800,8.727499961853027
1657166400,8.795000076293945
1657170000,8.807499885559082
1657173600,8.770000457763672
1657177200,8.795000076293945
1657180800,8.842499732971191
1657184400,8.942500114440918
1657188000,8.90999984741211
1657191600,8.912500381469727
1657195200,8.927499771118164
1657198800,8.867500305175781
1657202400,8.8774995803833
1657206000,9.09749984741211
1657209600,9.0649995803833
1657213200,9.337499618530273
1657216800,9.335000038146973
1657220400,9.475000381469727
1657224000,9.520000457763672
1657227600,9.382499694824219
1657231200,9.359999656677246
1657234800,9.279999732971191
1657238400,9.350000381469727
1657242000,9.454999923706055
1657245600,9.484999656677246
1657249200,9.479999542236328
1657252800,9.3100004196167
1657256400,9.282500267028809
1657260000,9.217499732971191
1657263600,9.227499961853027
1657267200,9.194999694824219
1657270800,9.042499542236328
1657274400,9.069999694824219
1657278000,9.032500267028809
1657281600,9.0600004196167
1657285200,9.010000228881836
1657288800,9.015000343322754
1657292400,9.142499923706055
1657296000,9.177499771118164
1657299600,9.055000305175781
1657303200,9.087499618530273
1657306800,9.145000457763672
1657310400,9.167499542236328
1657314000,9.145000457763672
1657317600,9.017499923706055
1657321200,9.100000381469727
1657324800,8.96500015258789
1657328400,9.092499732971191
1657332000,9.175000190734863
1657335600,9.204999923706055
1657339200,9.210000038146973
1657342800,9.229999542236328
1657346400,9.220000267028809
1657350000,9.272500038146973
1657353600,9.300000190734863
1657357200,9.307499885559082
1657360800,9.21500015258789
1657364400,9.225000381469727
1657368000,9.045000076293945
1657371600,9.087499618530273
1657375200,9.082500457763672
1657378800,9.092499732971191
1657382400,9.100000381469727
1657386000,9.162500381469727
1657389600,9.22249984741211
1657393200,9.170000076293945
1657396800,9.147500038146973
1657400400,9.072500228881836
1657404000,9.102499961853027
1657407600,9.015000343322754
1657411200,8.975000381469727
1657414800,8.817500114440918
1657418400,8.789999961853027
1657422000,8.704999923706055
1657425600,8.675000190734863
1657429200,8.729999542236328
1657432800,8.757499694824219
1657436400,8.772500038146973
1657440000,8.762499809265137
1657443600,8.734999656677246
1657447200,8.787500381469727
1657450800,8.72249984741211
1657454400,8.680000305175781
1657458000,8.859999656677246
1657461600,8.6899995803833
1657465200,8.542499542236328
1657468800,8.555000305175781
1657472400,8.6875
1657476000,8.697500228881836
1657479600,8.6850004196167
1657483200,8.757499694824219
1657486800,8.739999771118164
1657490400,8.75
1657494000,8.737500190734863
1657497600,8.770000457763672
1657501200,8.819999694824219
1657504800,8.567500114440918
1657508400,8.642499923706055
1657512000,8.742500305175781
1657515600,8.725000381469727
1657519200,8.664999961853027
1657522800,8.5625
1657526400,8.632499694824219
1657530000,8.72249984741211
1657533600,8.802499771118164
1657537200,8.880000114440918
1657540800,8.829999923706055
1657544400,8.917499542236328
1657548000,8.859999656677246
1657551600,9.017499923706055
1657555200,8.9975004196167
1657558800,8.967499732971191
1657562400,9.057499885559082
1657566000,8.90999984741211
1657569600,8.90250015258789
1657573200,8.72249984741211
1657576800,8.59000015258789
1657580400,8.375
1657584000,8.164999961853027
1657587600,8.287500381469727
1657591200,8.297499656677246
1657594800,8.287500381469727
1657598400,8.217499732971191
1657602000,8.262499809265137
1657605600,8.2524995803833
1657609200,8.1850004196167
1657612800,8.085000038146973
1657616400,8.085000038146973
1657620000,7.872499942779541
1657623600,7.965000152587891
1657627200,8.072500228881836
1657630800,8.045000076293945
1657634400,8.057499885559082
1657638000,8.109999656677246
1657641600,8.09749984741211
1657645200,8.15999984741211
1657648800,8.107500076293945
1657652400,7.945000171661377
1657656000,7.875
1657659600,7.872499942779541
1657663200,7.727499961853027
1657666800,7.775000095367432
1657670400,7.8125
1657674000,7.8125
1657677600,7.769999980926514
1657681200,7.824999809265137
1657684800,7.722499847412109
1657688400,7.795000076293945
1657692000,7.84250020980835
1657695600,7.827499866485596
1657699200,7.912499904632568
1657702800,7.952499866485596
1657706400,7.914999961853027
1657710000,7.920000076293945
1657713600,7.949999809265137
1657717200,7.534999847412109
1657720800,7.579999923706055
1657724400,7.775000095367432
1657728000,7.697500228881836
1657731600,7.772500038146973
1657735200,7.914999961853027
1657738800,7.894999980926514
1657742400,7.804999828338623
1657746000,7.792500019073486
1657749600,7.909999847412109
1657753200,7.932499885559082
